PRAGMA foreign_keys=OFF;
BEGIN TRANSACTION;
CREATE TABLE IF NOT EXISTS "django_migrations" ("id" integer NOT NULL PRIMARY KEY AUTOINCREMENT, "app" varchar(255) NOT NULL, "name" varchar(255) NOT NULL, "applied" datetime NOT NULL);
INSERT INTO django_migrations VALUES(1,'contenttypes','0001_initial','2026-03-30 13:47:32.790883');
INSERT INTO django_migrations VALUES(2,'auth','0001_initial','2026-03-30 13:47:32.804082');
INSERT INTO django_migrations VALUES(3,'admin','0001_initial','2026-03-30 13:47:32.814506');
INSERT INTO django_migrations VALUES(4,'admin','0002_logentry_remove_auto_add','2026-03-30 13:47:32.823176');
INSERT INTO django_migrations VALUES(5,'admin','0003_logentry_add_action_flag_choices','2026-03-30 13:47:32.838724');
INSERT INTO django_migrations VALUES(6,'contenttypes','0002_remove_content_type_name','2026-03-30 13:47:32.849232');
INSERT INTO django_migrations VALUES(7,'auth','0002_alter_permission_name_max_length','2026-03-30 13:47:32.856716');
INSERT INTO django_migrations VALUES(8,'auth','0003_alter_user_email_max_length','2026-03-30 13:47:32.863989');
INSERT INTO django_migrations VALUES(9,'auth','0004_alter_user_username_opts','2026-03-30 13:47:32.870401');
INSERT INTO django_migrations VALUES(10,'auth','0005_alter_user_last_login_null','2026-03-30 13:47:32.877473');
INSERT INTO django_migrations VALUES(11,'auth','0006_require_contenttypes_0002','2026-03-30 13:47:32.881472');
INSERT INTO django_migrations VALUES(12,'auth','0007_alter_validators_add_error_messages','2026-03-30 13:47:32.888828');
INSERT INTO django_migrations VALUES(13,'auth','0008_alter_user_username_max_length','2026-03-30 13:47:32.895977');
INSERT INTO django_migrations VALUES(14,'auth','0009_alter_user_last_name_max_length','2026-03-30 13:47:32.903047');
INSERT INTO django_migrations VALUES(15,'auth','0010_alter_group_name_max_length','2026-03-30 13:47:32.910244');
INSERT INTO django_migrations VALUES(16,'auth','0011_update_proxy_permissions','2026-03-30 13:47:32.916583');
INSERT INTO django_migrations VALUES(17,'auth','0012_alter_user_first_name_max_length','2026-03-30 13:47:32.924176');
INSERT INTO django_migrations VALUES(18,'sessions','0001_initial','2026-03-30 13:47:32.932574');
INSERT INTO django_migrations VALUES(19,'store','0001_initial','2026-03-30 13:47:32.937178');
INSERT INTO django_migrations VALUES(20,'store','0002_book_author_alter_book_rating','2026-03-30 15:47:50.419444');
INSERT INTO django_migrations VALUES(21,'store','0003_book_slug','2026-04-01 14:49:42.184637');
INSERT INTO django_migrations VALUES(22,'store','0004_author_alter_book_slug','2026-04-03 13:09:19.185841');
INSERT INTO django_migrations VALUES(23,'store','0005_book_author_str_alter_book_author','2026-04-03 13:34:25.770511');
INSERT INTO django_migrations VALUES(24,'store','0006_populate_authors','2026-04-03 13:43:19.793241');
CREATE TABLE IF NOT EXISTS "auth_group_permissions" ("id" integer NOT NULL PRIMARY KEY AUTOINCREMENT, "group_id" integer NOT NULL REFERENCES "auth_group" ("id") DEFERRABLE INITIALLY DEFERRED, "permission_id" integer NOT NULL REFERENCES "auth_permission" ("id") DEFERRABLE INITIALLY DEFERRED);
CREATE TABLE IF NOT EXISTS "auth_user_groups" ("id" integer NOT NULL PRIMARY KEY AUTOINCREMENT, "user_id" integer NOT NULL REFERENCES "auth_user" ("id") DEFERRABLE INITIALLY DEFERRED, "group_id" integer NOT NULL REFERENCES "auth_group" ("id") DEFERRABLE INITIALLY DEFERRED);
CREATE TABLE IF NOT EXISTS "auth_user_user_permissions" ("id" integer NOT NULL PRIMARY KEY AUTOINCREMENT, "user_id" integer NOT NULL REFERENCES "auth_user" ("id") DEFERRABLE INITIALLY DEFERRED, "permission_id" integer NOT NULL REFERENCES "auth_permission" ("id") DEFERRABLE INITIALLY DEFERRED);
CREATE TABLE IF NOT EXISTS "django_admin_log" ("id" integer NOT NULL PRIMARY KEY AUTOINCREMENT, "object_id" text NULL, "object_repr" varchar(200) NOT NULL, "action_flag" smallint unsigned NOT NULL CHECK ("action_flag" >= 0), "change_message" text NOT NULL, "content_type_id" integer NULL REFERENCES "django_content_type" ("id") DEFERRABLE INITIALLY DEFERRED, "user_id" integer NOT NULL REFERENCES "auth_user" ("id") DEFERRABLE INITIALLY DEFERRED, "action_time" datetime NOT NULL);
INSERT INTO django_admin_log VALUES(1,'4','The Horse and His Boy by C.S. Lewis (5) horse-and-his-boy',2,'[{"changed": {"fields": ["Rating"]}}]',1,1,'2026-04-03 05:06:53.526038');
INSERT INTO django_admin_log VALUES(2,'3','The Magician''s Nephew by C.S. Lewis (5) magicians-nephew',2,'[{"changed": {"fields": ["Rating"]}}]',1,1,'2026-04-03 05:11:22.446494');
INSERT INTO django_admin_log VALUES(3,'6','Prince Caspian by C.S. Lewis (4) prince-caspian',2,'[{"changed": {"fields": ["Rating"]}}]',1,1,'2026-04-03 05:13:45.759777');
INSERT INTO django_admin_log VALUES(4,'5','The Philosopher''s Stone by J.K. Rowling (4) philosophers-stone',2,'[]',1,1,'2026-04-03 05:17:09.906135');
INSERT INTO django_admin_log VALUES(5,'6','Prince Caspian by C.S. Lewis (4) prince-caspian',2,'[]',1,1,'2026-04-03 05:18:26.771945');
INSERT INTO django_admin_log VALUES(6,'5','The Philosopher''s Stone by J.K. Rowling (4) philosophers-stone',2,'[{"changed": {"fields": ["Slug"]}}]',1,1,'2026-04-03 05:23:26.909936');
INSERT INTO django_admin_log VALUES(7,'5','The Philosopher''s Stone by J.K. Rowling (4) philosophers-stone',2,'[]',1,1,'2026-04-03 05:23:43.187351');
INSERT INTO django_admin_log VALUES(8,'5','The Philosopher''s Stone by J.K. Rowling (4) philosophers-stone',2,'[]',1,1,'2026-04-03 05:23:45.091399');
INSERT INTO django_admin_log VALUES(9,'6','Prince Caspian by C.S. Lewis (4) prince-caspian',2,'[]',1,1,'2026-04-03 06:09:35.519590');
INSERT INTO django_admin_log VALUES(10,'7','the prince and the pauper by Adam Bailey (3) prince-and-the-pauper',1,'[{"added": {}}]',1,1,'2026-04-03 06:32:03.446935');
INSERT INTO django_admin_log VALUES(11,'7','the prince and the pauper by Adam Bailey (3) prince-and-pauper',2,'[{"changed": {"fields": ["Slug"]}}]',1,1,'2026-04-03 06:32:31.671289');
INSERT INTO django_admin_log VALUES(12,'7','The Prince and the Pauper by Adam Bailey (3) prince-and-pauper',2,'[]',1,1,'2026-04-03 06:37:23.249522');
INSERT INTO django_admin_log VALUES(13,'4','The Horse and His Boy, by C.S. Lewis. (5) horse-and-his-boy',2,'[]',1,1,'2026-04-03 06:44:17.828940');
INSERT INTO django_admin_log VALUES(14,'8','Prince Caspian, by J.K. Rowling. (2) prince-caspian',1,'[{"added": {}}]',1,1,'2026-04-03 06:52:30.399554');
INSERT INTO django_admin_log VALUES(15,'7','The Prince and the Pauper, by Mark Twain. (3) prince-and-pauper',2,'[{"changed": {"fields": ["Author"]}}]',1,1,'2026-04-03 06:59:20.033591');
INSERT INTO django_admin_log VALUES(16,'8','Prince Caspian, by J.K. Rowling. (2) prince-caspian',3,'',1,1,'2026-04-03 07:05:50.026314');
CREATE TABLE IF NOT EXISTS "django_content_type" ("id" integer NOT NULL PRIMARY KEY AUTOINCREMENT, "app_label" varchar(100) NOT NULL, "model" varchar(100) NOT NULL);
INSERT INTO django_content_type VALUES(1,'store','book');
INSERT INTO django_content_type VALUES(2,'admin','logentry');
INSERT INTO django_content_type VALUES(3,'auth','group');
INSERT INTO django_content_type VALUES(4,'auth','permission');
INSERT INTO django_content_type VALUES(5,'auth','user');
INSERT INTO django_content_type VALUES(6,'contenttypes','contenttype');
INSERT INTO django_content_type VALUES(7,'sessions','session');
INSERT INTO django_content_type VALUES(8,'store','author');
CREATE TABLE IF NOT EXISTS "auth_permission" ("id" integer NOT NULL PRIMARY KEY AUTOINCREMENT, "content_type_id" integer NOT NULL REFERENCES "django_content_type" ("id") DEFERRABLE INITIALLY DEFERRED, "codename" varchar(100) NOT NULL, "name" varchar(255) NOT NULL);
INSERT INTO auth_permission VALUES(1,1,'add_book','Can add book');
INSERT INTO auth_permission VALUES(2,1,'change_book','Can change book');
INSERT INTO auth_permission VALUES(3,1,'delete_book','Can delete book');
INSERT INTO auth_permission VALUES(4,1,'view_book','Can view book');
INSERT INTO auth_permission VALUES(5,2,'add_logentry','Can add log entry');
INSERT INTO auth_permission VALUES(6,2,'change_logentry','Can change log entry');
INSERT INTO auth_permission VALUES(7,2,'delete_logentry','Can delete log entry');
INSERT INTO auth_permission VALUES(8,2,'view_logentry','Can view log entry');
INSERT INTO auth_permission VALUES(9,4,'add_permission','Can add permission');
INSERT INTO auth_permission VALUES(10,4,'change_permission','Can change permission');
INSERT INTO auth_permission VALUES(11,4,'delete_permission','Can delete permission');
INSERT INTO auth_permission VALUES(12,4,'view_permission','Can view permission');
INSERT INTO auth_permission VALUES(13,3,'add_group','Can add group');
INSERT INTO auth_permission VALUES(14,3,'change_group','Can change group');
INSERT INTO auth_permission VALUES(15,3,'delete_group','Can delete group');
INSERT INTO auth_permission VALUES(16,3,'view_group','Can view group');
INSERT INTO auth_permission VALUES(17,5,'add_user','Can add user');
INSERT INTO auth_permission VALUES(18,5,'change_user','Can change user');
INSERT INTO auth_permission VALUES(19,5,'delete_user','Can delete user');
INSERT INTO auth_permission VALUES(20,5,'view_user','Can view user');
INSERT INTO auth_permission VALUES(21,6,'add_contenttype','Can add content type');
INSERT INTO auth_permission VALUES(22,6,'change_contenttype','Can change content type');
INSERT INTO auth_permission VALUES(23,6,'delete_contenttype','Can delete content type');
INSERT INTO auth_permission VALUES(24,6,'view_contenttype','Can view content type');
INSERT INTO auth_permission VALUES(25,7,'add_session','Can add session');
INSERT INTO auth_permission VALUES(26,7,'change_session','Can change session');
INSERT INTO auth_permission VALUES(27,7,'delete_session','Can delete session');
INSERT INTO auth_permission VALUES(28,7,'view_session','Can view session');
INSERT INTO auth_permission VALUES(29,8,'add_author','Can add author');
INSERT INTO auth_permission VALUES(30,8,'change_author','Can change author');
INSERT INTO auth_permission VALUES(31,8,'delete_author','Can delete author');
INSERT INTO auth_permission VALUES(32,8,'view_author','Can view author');
CREATE TABLE IF NOT EXISTS "auth_group" ("id" integer NOT NULL PRIMARY KEY AUTOINCREMENT, "name" varchar(150) NOT NULL UNIQUE);
CREATE TABLE IF NOT EXISTS "auth_user" ("id" integer NOT NULL PRIMARY KEY AUTOINCREMENT, "password" varchar(128) NOT NULL, "last_login" datetime NULL, "is_superuser" bool NOT NULL, "username" varchar(150) NOT NULL UNIQUE, "last_name" varchar(150) NOT NULL, "email" varchar(254) NOT NULL, "is_staff" bool NOT NULL, "is_active" bool NOT NULL, "date_joined" datetime NOT NULL, "first_name" varchar(150) NOT NULL);
INSERT INTO auth_user VALUES(1,'pbkdf2_sha256$1200000$w5L7Pq3pZ6rkxnCbSd57jX$cpHM2nTWtrOWPLXTdKMdXU4EWjoLPNxQ5s5Mt5wGE/c=','2026-04-03 05:11:04.525344',1,'jpm','','j.p.mckeown@icloud.com',1,1,'2026-04-03 05:01:35.686535','');
CREATE TABLE IF NOT EXISTS "django_session" ("session_key" varchar(40) NOT NULL PRIMARY KEY, "session_data" text NOT NULL, "expire_date" datetime NOT NULL);
INSERT INTO django_session VALUES('iwjwkcngw1jpzvera4tdlczpsnra0hcs','.eJxVjMsOgjAQAP-lZ9O0sPTh0Tvf0Oxut4IaSCicjP9umnDQ68xk3irhsU_pqLKlOaursuryywj5KUsT-YHLfdW8Lvs2k26JPm3V45rldTvbv8GEdWrb4vtiIBDEIXN0bMkFAMMBuwIlDyYWBiSkKD5YdEag92y73lkjLOrzBeMON_4:1w8WoC:UFKsJTM4YHW-_SYCebV7_bAy4_eci_FgAVrxnMaI10I','2026-04-17 05:11:04.529619');
CREATE TABLE IF NOT EXISTS "store_author" ("id" integer NOT NULL PRIMARY KEY AUTOINCREMENT, "first_name" varchar(80) NOT NULL, "last_name" varchar(80) NOT NULL);
INSERT INTO store_author VALUES(1,'J.R.R.','Tolkien');
INSERT INTO store_author VALUES(2,'C.S.','Lewis');
INSERT INTO store_author VALUES(3,'J.K.','Rowling');
INSERT INTO store_author VALUES(4,'Mark','Twain');
INSERT INTO store_author VALUES(5,'P.G.','Wodehouse');
CREATE TABLE IF NOT EXISTS "store_book" ("id" integer NOT NULL PRIMARY KEY AUTOINCREMENT, "title" varchar(50) NOT NULL, "rating" integer NULL, "slug" varchar(50) NOT NULL, "author_str" varchar(50) NULL, "author_id" bigint NULL REFERENCES "store_author" ("id") DEFERRABLE INITIALLY DEFERRED);
INSERT INTO store_book VALUES(1,'The Lord of the Rings',5,'lord-of-the-rings','J.R.R. Tolkien',1);
INSERT INTO store_book VALUES(3,'The Magician''s Nephew',5,'magicians-nephew','C.S. Lewis',2);
INSERT INTO store_book VALUES(4,'The Horse and His Boy',5,'horse-and-his-boy','C.S. Lewis',2);
INSERT INTO store_book VALUES(5,'The Philosopher''s Stone',4,'philosophers-stone','J.K. Rowling',3);
INSERT INTO store_book VALUES(6,'Prince Caspian',4,'prince-caspian','C.S. Lewis',2);
INSERT INTO store_book VALUES(7,'The Prince and the Pauper',3,'prince-and-pauper','Mark Twain',4);
INSERT INTO store_book VALUES(8,'The Code of the Woosters',4,'code-of-the-woosters',NULL,5);
DELETE FROM sqlite_sequence;
INSERT INTO sqlite_sequence VALUES('django_migrations',24);
INSERT INTO sqlite_sequence VALUES('django_admin_log',16);
INSERT INTO sqlite_sequence VALUES('django_content_type',8);
INSERT INTO sqlite_sequence VALUES('auth_permission',32);
INSERT INTO sqlite_sequence VALUES('auth_group',0);
INSERT INTO sqlite_sequence VALUES('auth_user',1);
INSERT INTO sqlite_sequence VALUES('store_book',8);
INSERT INTO sqlite_sequence VALUES('store_author',5);
CREATE UNIQUE INDEX "auth_group_permissions_group_id_permission_id_0cd325b0_uniq" ON "auth_group_permissions" ("group_id", "permission_id");
CREATE INDEX "auth_group_permissions_group_id_b120cbf9" ON "auth_group_permissions" ("group_id");
CREATE INDEX "auth_group_permissions_permission_id_84c5c92e" ON "auth_group_permissions" ("permission_id");
CREATE UNIQUE INDEX "auth_user_groups_user_id_group_id_94350c0c_uniq" ON "auth_user_groups" ("user_id", "group_id");
CREATE INDEX "auth_user_groups_user_id_6a12ed8b" ON "auth_user_groups" ("user_id");
CREATE INDEX "auth_user_groups_group_id_97559544" ON "auth_user_groups" ("group_id");
CREATE UNIQUE INDEX "auth_user_user_permissions_user_id_permission_id_14a6b632_uniq" ON "auth_user_user_permissions" ("user_id", "permission_id");
CREATE INDEX "auth_user_user_permissions_user_id_a95ead1b" ON "auth_user_user_permissions" ("user_id");
CREATE INDEX "auth_user_user_permissions_permission_id_1fbb5f2c" ON "auth_user_user_permissions" ("permission_id");
CREATE INDEX "django_admin_log_content_type_id_c4bce8eb" ON "django_admin_log" ("content_type_id");
CREATE INDEX "django_admin_log_user_id_c564eba6" ON "django_admin_log" ("user_id");
CREATE UNIQUE INDEX "django_content_type_app_label_model_76bd3d3b_uniq" ON "django_content_type" ("app_label", "model");
CREATE UNIQUE INDEX "auth_permission_content_type_id_codename_01ab375a_uniq" ON "auth_permission" ("content_type_id", "codename");
CREATE INDEX "auth_permission_content_type_id_2f476e4b" ON "auth_permission" ("content_type_id");
CREATE INDEX "django_session_expire_date_a5c62663" ON "django_session" ("expire_date");
CREATE INDEX "store_book_slug_e5087f7b" ON "store_book" ("slug");
CREATE INDEX "store_book_author_id_b581e597" ON "store_book" ("author_id");
COMMIT;
